Plante	Date_de_germination	Cotyledons	Taille_Dec_05	Taille_Fev_06	Taille_Mars_06	Taille_Juin_06	Taille_Sept_06	traitement	PAR	reference	espece	pop
1			0	0	0		0	peu	7.95	7.82	mac	rog
2			0	0	0		0	peu	7.46	7.82	mac	rog
3			0	0	0		0	peu	6.38	7.82	mac	rog
4	05/04/2006	11.08	0	0	0	15	75	peu	6.70	7.82	mac	rog
5			0	0	0		0	peu	7.72	7.82	mac	rog
6	17/10/2005	8.03	0	0	0		0	peu	5.29	7.82	mac	rog
7			0	0	0		0	peu	6.85	7.82	mac	rog
8			0	0	0		0	peu	7.12	7.82	mac	rog
9			0	0	0		0	peu	7.50	7.82	mac	rog
10	24/10/2005	6.13	0	0	0		0	peu	6.74	7.82	mac	rog
11	17/10/2005	7.9	16.23	20.51	44.03	40	80	peu	8.05	7.82	mac	rog
12			0	0	0		0	peu	6.64	7.82	mac	rog
13			0	0	0		0	peu	6.94	7.82	mac	rog
14			0	0	0		0	peu	6.10	7.82	mac	rog
15	17/10/2005	5.01	12.05	11.79	13.24	40	80	peu	6.59	7.82	mac	rog
16			0	0	0		0	peu	7.69	7.82	mac	rog
17	17/10/2005	9.45	29.99	37.19	33.62	35	0	peu	7.38	7.82	mac	rog
18			0	0	0		0	peu	7.58	7.82	mac	rog
19			0	0	0		0	peu	5.63	7.82	mac	rog
20			0	0	0		0	peu	7.68	7.82	mac	rog
21	17/10/2005	9.36	14	16.75	9.73		0	peu	7.60	7.82	mac	rog
22			0	0	0		0	peu	5.72	7.82	mac	rog
23	05/04/2006	8.58	0	0	0	45	90	peu	6.82	7.82	mac	rog
24	15/03/2006	5	0	0	5	15	0	peu	5.78	7.82	mac	rog
25	17/10/2005	5.78	16.63	21.055	43.035	45	0	peu	7.52	7.25	mac	rog
26			0	0	0		0	peu	7.14	7.25	mac	rog
27	17/10/2005	9.22	19.67	15.735	28.41	35	60	peu	5.05	7.25	mac	rog
28	17/10/2005	6.85	0	0	0		0	peu	7.26	7.25	mac	rog
29	17/10/2005	4.56	0	0	0	0	0	peu	7.50	7.25	mac	rog
30	24/10/2005	9	0	0	0		0	peu	6.74	7.25	mac	rog
31			0	0	0		0	peu	7.12	7.25	mac	rog
32			0	0	0		0	peu	7.05	7.25	mac	rog
33			0	0	0		0	peu	6.63	7.25	mac	rog
34	17/10/2005	9	0	0	0		0	peu	6.73	8.06	mac	rog
35			0	0	0		0	peu	7.14	8.06	mac	rog
36			0	0	0		0	peu	7.72	8.06	mac	rog
37			0	0	0		0	peu	7.98	8.06	mac	rog
38	17/10/2005	4.85	2.37	3.31	4.49		0	peu	7.78	8.06	mac	rog
39			0	0	0		0	peu	8.17	8.06	mac	rog
40			0	0	0		0	peu	8.06	8.06	mac	rog
41			0	0	0		0	peu	6.35	8.06	mac	rog
42	17/10/2005	9.22	14.985	20.21	23.45	55	55	peu	8.44	8.06	mac	rog
43	05/04/2006	12.96	0	0	0	45	0	peu	8.42	8.06	mac	rog
44	24/10/2005	9.34	0	0	0	15	0	peu	6.55	8.06	mac	rog
45			0	0	0		0	peu	8.64	8.06	mac	rog
46			0	0	0		0	peu	8.01	8.06	mac	rog
47			0	0	0		0	peu	7.42	8.06	mac	rog
48	17/10/2005	9.65	0	0	0		0	peu	7.72	8.06	mac	rog
49	17/10/2005	5.21	12.005	23.9	23.41	30	0	peu	8.56	8.06	mac	rog
50	17/10/2005	5.78	9.76	0	0		0	peu	7.34	8.06	mac	rog
51			0	0	0		0	peu	7.61	8.06	mac	nav
52	17/10/2005	10.22	12.505	14.25	19.04	30	0	peu	7.16	8.06	mac	nav
53			0	0	0		0	peu	6.41	8.06	mac	nav
54			0	0	0		0	peu	5.67	8.06	mac	nav
55			0	0	0		0	peu	5.78	8.06	mac	nav
56	17/10/2005	6.32	31.27	46.595	51.22	60	0	peu	8.68	8.06	mac	nav
57	17/10/2005	5.15	10.575	0	0	15	105	peu	7.97	8.06	mac	nav
58	17/10/2005	6.66	17.405	15.62	0	95	85	peu	7.54	8.06	mac	nav
59	17/10/2005	11.04	25.825	29.32	34.895	60	95	peu	6.90	8.06	mac	nav
60			0	0	0		0	peu	8.05	8.06	mac	nav
61	17/10/2005	8.97	29.91	38.585	49.51	55	0	peu	8.44	8.64	mac	nav
62	29/03/2006	15.8	0	0	5.12		0	peu	7.82	8.64	mac	nav
63	15/03/2006	5.12	0	0	0	25	130	peu	7.02	8.64	mac	nav
64			0	0	0		0	peu	7.86	8.64	mac	nav
65	17/10/2005	6.11	12.57	11.03	12.55	35	80	peu	8.64	8.64	mac	nav
66	17/10/2005	7.15	16.94	13.23	14.12	25	0	peu	7.84	8.64	mac	nav
67			0	0	0		0	peu	6.70	8.64	mac	nav
68	17/10/2005	10.33	30.97	31.09	27.57	65	110	peu	7.24	8.64	mac	nav
69			0	0	0		0	peu	7.82	8.64	mac	nav
70			0	0	0		0	peu	8.40	8.64	mac	nav
71	13/02/2006	2.27	0	0	0		0	peu	8.39	8.64	mac	nav
72			0	0	0		0	peu	8.13	8.64	mac	nav
73			0	0	0		0	peu	8.33	8.64	mac	nav
74	17/10/2005	9.19	21.525	32.925	36.64	45	85	peu	9.02	8.64	mac	nav
75			0	0	0		0	peu	5.46	8.64	mac	nav
76			0	0	0		0	peu	9.07	8.64	mac	nav
77			0	0	0		0	peu	6.66	8.64	mac	nav
78			0	0	0		0	peu	7.92	8.64	mac	nav
79	17/10/2005	5.5	21.135	20.82	21.02	15	50	peu	5.92	8.64	mac	nav
80	24/10/2005	13.53	19.4	23.95	23.29	55	0	peu	6.28	8.64	mac	nav
81	24/10/2005	7.48	15.54	0	0		0	peu	7.61	8.64	mac	nav
82	07/11/2005	12.46	14.96	0	0		0	peu	5.22	8.64	mac	nav
83			0	0	0		0	peu	4.60	8.64	mac	nav
84	17/10/2005	6.49	26.82	30.95	36.55	30	0	peu	8.20	8.64	mac	nav
85	13/02/2006	8.87	0	0	0		0	peu	7.52	8.64	mac	nav
86	29/03/2006	11.4	0	0	0	15	0	peu	8.52	8.64	mac	nav
87	24/10/2005	4.49	6.59	6.54	12.3	50	105	peu	8.27	8.64	mac	nav
88			0	0	0		0	peu	7.38	8.64	mac	nav
89			0	0	0		0	peu	8.36	8.64	mac	nav
90			0	0	0		0	peu	8.19	8.64	mac	nav
91			0	0	0		0	peu	5.97	8.64	mac	nav
92	15/03/2006	6.66	0	0	6.66	25	100	peu	8.32	8.64	mac	nav
93	05/04/2006	8.83	0	0	0	25	80	peu	7.41	8.64	mac	nav
94			0	0	0		0	peu	7.30	8.64	mac	nav
95	17/10/2005	9.33	20.115	21.65	17.63	25	0	peu	7.36	8.64	mac	nav
96			0	0	0		0	peu	8.13	8.64	mac	nav
97			0	0	0		0	peu	6.12	8.64	mac	nav
98			0	0	0		0	peu	7.63	8.64	mac	nav
99	17/10/2005	6.62	0	0	0	25	90	peu	6.55	8.64	mac	nav
100	17/10/2005	7.05	16.86	13.605	18.58	35	120	peu	6.22	8.64	mac	nav
101	17/10/2005	8.93	0	0	5.96	80	110	peu	7.95	8.63	cor	E1
102	17/10/2005	15.48	20.675	14.57	26.62	25	50	peu	6.56	8.63	cor	E1
103	17/10/2005	2.6	16.735	15.4	17.07	25	0	peu	5.68	8.63	cor	E1
104	17/10/2005	4.91	37.905	57.66	68.92	50	115	peu	6.84	8.63	cor	E1
105	17/10/2005	10.12	20.765	20.985	18.505	35	0	peu	8.72	8.63	cor	E1
106	17/10/2005	9.45	29.565	29.21	33.14	35	0	peu	6.38	8.63	cor	E1
107	15/03/2006	5.56	0	0	0	25	70	peu	5.55	8.63	cor	E1
108	17/10/2005	7.97	0	0	0		0	peu	8.50	8.63	cor	E1
109	29/03/2006	18.7	0	0	0		0	peu	8.23	8.63	cor	E1
110	17/10/2005	3.17	4.41	0	14.2	15	0	peu	8.63	8.63	cor	E1
111	17/10/2005	11.53	38.585	51.135	58.555	75	105	peu	8.50	8.63	cor	E1
112	17/10/2005	8.85	16.66	10.3	23.5	30	80	peu	7.69	8.63	cor	E1
113	17/10/2005	4.22		14.65	17.07		0	peu	7.89	8.63	cor	E1
114	17/10/2005	8.27	6.91	7.44	6.19	15	0	peu	5.26	8.63	cor	E1
115	24/10/2005	10.27	11.46	2.67	7.82		0	peu	8.03	8.63	cor	E1
116	12/04/2006	7.69	0	0	0	25	65	peu	7.88	8.63	cor	E1
117	15/03/2006	5	0	0	5	50	0	peu	8.53	8.63	cor	E1
118	17/10/2005	7.41	0	0	0		0	peu	8.27	8.63	cor	E1
119	15/03/2006	8.66	0	0	8.66	30	75	peu	7.80	8.63	cor	E1
120			0	0	0		0	peu	8.08	8.63	cor	E1
121	15/03/2006	5	0	0	5		0	peu	7.20	8.63	cor	E1
122	17/10/2005	8.39	31.36	38.545	55.625	55	90	peu	8.63	8.63	cor	E1
123	17/10/2005	8.59	29.54	41.09	49.54	45	0	peu	8.63	8.63	cor	E1
124	24/10/2005	5.59	9.72	6.13	7.95		0	peu	8.63	8.63	cor	E1
125	17/10/2005	3.6	0	0	0	25	95	peu	7.64	8.63	cor	E1
126	17/10/2005	4.68	24.1	26.25	47.8	35	0	peu	4.98	6.74	cor	E1
127			0	0	0		0	peu	5.84	6.74	cor	E1
128	24/10/2005	9.55	18.12	15.765	26.2	60	0	peu	6.47	6.74	cor	E1
129	31/10/2005	15.53	22.895	0	0	45	120	peu	5.66	6.74	cor	E1
130			0	0	0		0	peu	4.98	6.74	cor	E1
131	29/03/2006	10.1	0	0	0		0	peu	6.51	6.74	cor	E1
132	15/03/2006	5	0	0	5		0	peu	5.40	6.74	cor	E1
133	13/12/2005	5.97	5.97	0	0		0	peu	4.54	6.74	cor	E1
134			0	0	0		0	peu	6.89	6.74	cor	E1
135	17/10/2005	9.58	37.555	26.595	39.39		0	peu	6.11	6.74	cor	E1
136	31/10/2005	13.67	22.57	30.55	38.31		0	peu	6.73	6.74	cor	E1
137	17/10/2005	11.23	0	0	5	25	0	peu	6.42	6.74	cor	E1
138	15/03/2006	5.44	0	0	5.44	55	70	peu	5.88	6.74	cor	E1
139	15/03/2006	8.81	0	0	8.81	40	75	peu	7.13	6.74	cor	E1
140	17/10/2005	11.12	16.805	17.84	28.83	35	85	peu	5.79	6.74	cor	E1
141	17/10/2005	3.89	14.4	18.13	25.62	15	0	peu	5.15	6.82	cor	E1
142	14/11/2005	8.79	0	0	5	20	0	peu	6.18	6.82	cor	E1
143	17/10/2005	8.14	24.99	22.4	25.825	25	65	peu	6.92	6.82	cor	E1
144	29/03/2006	25	0	0	0	30	0	peu	5.96	6.82	cor	E1
145	24/10/2005	14.14	14.19	13.48	0		0	peu	6.33	6.82	cor	E1
146	17/10/2005	6.29	12.1	14.85	21.2	25	55	peu	5.99	6.82	cor	E1
147	17/10/2005	4.88	17.31	17.98	27.94	35	100	peu	6.88	6.82	cor	E1
148	24/10/2005	15.41	19.7	30.52	36.8	40	0	peu	6.87	6.82	cor	E1
149	17/10/2005	7.34	17.19	21.34	17.08	15	0	peu	4.67	6.82	cor	E1
150	17/10/2005	12.51	33.055	39.93	45.34	65	95	peu	5.97	6.82	cor	E1
151	17/10/2005	6.73	17.255	18.77	23.845	50	0	peu	6.80	6.82	cor	E2
152	17/10/2005	9.83	16.78	14.84	21.81	35	95	peu	5.23	6.82	cor	E2
153	17/10/2005	4.11	15.37	3.36	0		0	peu	6.05	6.82	cor	E2
154			0	0	0		0	peu	6.53	6.82	cor	E2
155	17/10/2005	6.69	18.065	36.32	42.27	40	95	peu	5.88	6.82	cor	E2
156			0	0	0		0	peu	6.77	6.82	cor	E2
157	17/10/2005	9.2	14.815	14.99	11.34	25	0	peu	6.75	6.82	cor	E2
158	24/10/2005	14.09	30.73	15.42	27.11	65	95	peu	4.23	6.82	cor	E2
159	17/10/2005	7.53	7.975	12.56	17.59	20	65	peu	6.89	6.82	cor	E2
160			0	0	0		0	peu	5.65	6.82	cor	E2
161	17/10/2005	6.43	17.65	25.33	29.555	45	0	peu	5.61	6.82	cor	E2
162	17/10/2005	7.89	16.845	14.02	7.39	20	65	peu	5.23	6.82	cor	E2
163	22/10/2005	8.8	10.76	13.2	8.5		0	peu	5.76	6.82	cor	E2
164			0	0	0		0	peu	7.00	6.82	cor	E2
165			0	0	0		0	peu	5.92	6.82	cor	E2
166			0	0	0		0	peu	6.86	6.82	cor	E2
167	24/10/2005	15.09	17.24	16.17	20.79	35	0	peu	4.67	6.82	cor	E2
168	24/10/2005	11.19	19.63	19.775	25.06	40	95	peu	5.89	6.82	cor	E2
169	17/10/2005	3.99	19.585	14.81	18.38	50	0	peu	5.99	6.82	cor	E2
170			0	0	0		0	peu	4.44	6.82	cor	E2
171	17/10/2005	8.14	34.72	29.44	46.4	40	90	peu	4.52	6.82	cor	E2
172	17/10/2005	6.03	24.845	26.025	23.705	45	100	peu	6.82	6.82	cor	E2
173	17/10/2005	8.22	19.76	17.55	19.14	20	0	peu	6.72	6.82	cor	E2
174	17/10/2005	6.66	27.615	26.6	26.12	30	90	peu	6.00	6.82	cor	E2
175	17/10/2005	6.22	19.03	22.12	36.98	35	90	peu	5.22	6.82	cor	E2
176			0	0	0		0	peu	7.05	6.82	cor	E2
177			0	0	0		0	peu	5.50	6.82	cor	E2
178	24/10/2005	13.56	15.285	17.58	19.59	25	0	peu	6.54	6.82	cor	E2
179	17/10/2005	12.52	29.48	27.42	35.925	45	85	peu	6.53	6.82	cor	E2
180	17/10/2005	8.67	21.205	31.67	29.16	60	80	peu	5.98	6.82	cor	E2
181			0	0	0		0	peu	4.11	7.05	cor	E2
182	17/10/2005	3.01	0	0	0		0	peu	4.42	7.05	cor	E2
183			0	0	0		0	peu	6.12	7.05	cor	E2
184			0	0	0		0	peu	7.00	7.05	cor	E2
185	17/10/2005	6.63	12.49	18.41	20.81	25	0	peu	5.19	7.05	cor	E2
186	17/10/2005	6.44	0	0	0		0	peu	6.78	7.05	cor	E2
187			0	0	0		0	peu	5.03	7.05	cor	E2
188	24/10/2005	21.09	19.64	12.5	18.81	25	55	peu	6.30	7.05	cor	E2
189			0	0	0		0	peu	6.90	7.05	cor	E2
190			0	0	0		0	peu	7.09	7.05	cor	E2
191			0	0	0		0	peu	4.59	7.05	cor	E2
192	17/10/2005	7.98	22.755	23.325	31.405	45	80	peu	5.25	7.05	cor	E2
193	24/10/2005	5.44	9.21	5.78	7.58	15	0	peu	7.07	7.05	cor	E2
194			0	0	0		0	peu	6.00	7.05	cor	E2
195			0	0	0		0	peu	5.27	7.05	cor	E2
196	24/10/2005	10.23	35.285	41.105	55.28	60	110	peu	6.22	7.05	cor	E2
197	24/10/2005	9.9	11.22	4.26	0		0	peu	7.15	7.05	cor	E2
198	24/10/2005	10.96	17.72	8.77	15.48	25	85	peu	5.09	7.05	cor	E2
199	17/10/2005	7.98	25.38	30.35	38.12	40	90	peu	6.42	7.05	cor	E2
200			0	0	0		0	peu	6.88	7.05	cor	E2
201			0	0	0		0	mi	5.19	8.18	mac	rog
202			0	0	0		0	mi	4.98	8.18	mac	rog
203	17/10/2005	7.18		6.28	7.8	25	0	mi	3.80	8.18	mac	rog
204			0	0	0		0	mi	3.40	8.18	mac	rog
205	17/10/2005	8.09	0	0	0		0	mi	4.20	8.18	mac	rog
206	17/10/2005	4.82	16.92	0	0	15	95	mi	3.43	8.18	mac	rog
207			0	0	0		0	mi	1.74	8.18	mac	rog
208			0	0	0		0	mi	6.07	8.18	mac	rog
209	17/10/2005	5.6	9.17	6.72	0		0	mi	2.43	8.18	mac	rog
210			0	0	0		0	mi	5.24	8.18	mac	rog
211	17/10/2005	3.39	0	0	0		0	mi	2.23	8.18	mac	rog
212	17/10/2005	3.64	23.19	15.08	16.46	25	60	mi	3.89	8.18	mac	rog
213			0	0	0		0	mi	5.61	8.18	mac	rog
214			0	0	0		0	mi	2.24	8.18	mac	rog
215			0	0	0		0	mi	2.64	8.18	mac	rog
216	17/10/2005	8.8	14.97	14.37	11.25	35	75	mi	1.56	8.18	mac	rog
217	17/10/2005	3.44	0	0	0		0	mi	6.38	8.18	mac	rog
218			0	0	0		0	mi	4.21	8.18	mac	rog
219			0	0	0		0	mi	5.20	8.18	mac	rog
220	17/10/2005	5.31	14.79	12.52	12.97	20	95	mi	2.46	8.18	mac	rog
221			0	0	0		0	mi	4.23	8.18	mac	rog
222	05/04/2006	9.05	0	0	0	15	0	mi	4.58	8.18	mac	rog
223			0	0	0		0	mi	4.78	8.18	mac	rog
224			0	0	0		0	mi	3.71	8.18	mac	rog
225			0	0	0		0	mi	2.84	8.18	mac	rog
226			0	0	0		0	mi	4.88	8.18	mac	rog
227			0	0	0		0	mi	3.53	8.18	mac	rog
228	17/10/2005	6.74	22.96	11.41	10.41	25	0	mi	4.96	8.18	mac	rog
229			0	0	0		0	mi	3.26	8.18	mac	rog
230	17/10/2005	9.18	20.31	18.665	17.54	15	0	mi	2.43	8.18	mac	rog
231			0	0	0		0	mi	4.16	8.18	mac	rog
232			0	0	0		0	mi	4.02	8.18	mac	rog
233			0	0	0		0	mi	4.36	8.18	mac	rog
234	17/10/2005	8.3	5.95	0	0		0	mi	2.23	8.18	mac	rog
235			0	0	0		0	mi	5.44	8.18	mac	rog
236			0	0	0		0	mi	2.14	8.18	mac	rog
237			0	0	0		0	mi	4.23	8.18	mac	rog
238			0	0	0		0	mi	3.21	8.18	mac	rog
239	17/10/2005	8.74	20.18	18.76	28.73	35	65	mi	6.41	8.18	mac	rog
240			0	0	0		0	mi	1.71	8.18	mac	rog
241	13/02/2006	12.92	0	0	0		0	mi	5.03	8.37	mac	rog
242			0	0	0		0	mi	2.95	8.37	mac	rog
243	05/04/2006	11.76	0	0	0		0	mi	2.18	8.37	mac	rog
244			0	0	0		0	mi	3.19	8.37	mac	rog
245			0	0	0		0	mi	5.66	8.37	mac	rog
246			0	0	0		0	mi	2.95	8.37	mac	rog
247			0	0	0		0	mi	1.30	8.37	mac	rog
248			0	0	0		0	mi	1.64	8.37	mac	rog
249			0	0	0		0	mi	3.25	8.37	mac	rog
250			0	0	0		0	mi	3.70	8.37	mac	rog
251			0	0	0		0	mi	2.53	8.37	mac	nav
252			0	0	0		0	mi	4.54	8.37	mac	nav
253	24/10/2005	15.46	19.09	19.885	25.43	25	0	mi	5.77	8.37	mac	nav
254			0	0	0		0	mi	3.26	8.37	mac	nav
255			0	0	0		0	mi	3.46	8.37	mac	nav
256	17/10/2005	5.28	13.48	14.69	22.43	30	75	mi	4.92	8.37	mac	nav
257	17/10/2005	10.32	14.17	0	0		0	mi	3.11	8.37	mac	nav
258			0	0	0		0	mi	1.87	8.37	mac	nav
259	17/10/2005	10.22	21.405	21.52	20.17	15	0	mi	3.04	8.37	mac	nav
260			0	0	0		0	mi	3.79	8.37	mac	nav
261			0	0	0		0	mi	2.63	8.37	mac	nav
262	17/10/2005	5.34	23.6	25.72	27.09	55	0	mi	2.05	8.37	mac	nav
263			0	0	0		0	mi	3.65	8.37	mac	nav
264			0	0	0		0	mi	2.06	8.37	mac	nav
265	05/04/2006	17.04	0	0	0		0	mi	3.20	8.37	mac	nav
266			0	0	0		0	mi	4.34	8.37	mac	nav
267	17/10/2005	4.8	10.16	5.61	5	25	0	mi	3.34	8.37	mac	nav
268	15/03/2006	8.18	0	0	8.18	25	95	mi	4.50	8.37	mac	nav
269			0	0	0		0	mi	1.71	8.37	mac	nav
270	24/10/2005	8.54	14.22	12.17	18.16	25	95	mi	3.50	8.37	mac	nav
271			0	0	0		0	mi	3.18	8.37	mac	nav
272			0	0	0		0	mi	2.11	8.37	mac	nav
273			0	0	0		0	mi	2.38	8.37	mac	nav
274			0	0	0		0	mi	3.73	8.37	mac	nav
275	17/10/2005	5.8	14.925	18.22	20.7	30	105	mi	3.80	8.37	mac	nav
276	17/10/2005	3.9	10.69	7.49	5.18	15	0	mi	1.80	8.37	mac	nav
277			0	0	0		0	mi	3.80	8.37	mac	nav
278			0	0	0		0	mi	1.90	8.37	mac	nav
279			0	0	0		0	mi	4.68	8.37	mac	nav
280			0	0	0		0	mi	4.45	8.37	mac	nav
281			0	0	0		0	mi	2.12	8.04	mac	nav
282	05/04/2006	10.62	0	0	0	15	0	mi	4.36	8.04	mac	nav
283			0	0	0		0	mi	2.22	8.04	mac	nav
284			0	0	0	40	0	mi	3.95	8.04	mac	nav
285	17/10/2005	4.97	8.63	9.98	15.55	25	35	mi	4.29	8.04	mac	nav
286			0	0	0		0	mi	3.91	8.04	mac	nav
287	15/03/2006	5.14	0	0	5.14	25	90	mi	5.54	8.04	mac	nav
288	17/10/2005	7.16	0	0	0		0	mi	3.34	8.04	mac	nav
289			0	0	0		0	mi	2.97	8.04	mac	nav
290			0	0	0		0	mi	1.83	8.04	mac	nav
291	13/02/2006	7.96	0	0	0		0	mi	3.60	8.04	mac	nav
292	17/10/2005	3.31	15.31	14.5	15.68	25	0	mi	3.32	8.04	mac	nav
293	22/03/2006	15.8	0	0	15.8		0	mi	3.28	8.04	mac	nav
294	31/10/2005	7.51	11.74	17.58	13.86	15	0	mi	3.81	8.04	mac	nav
295			0	0	0		0	mi	3.59	8.04	mac	nav
296			0	0	0		0	mi	3.07	8.04	mac	nav
297			0	0	0		0	mi	2.84	8.04	mac	nav
298			0	0	0		0	mi	1.65	8.04	mac	nav
299			0	0	0		0	mi	1.92	8.04	mac	nav
300			0	0	0		0	mi	3.19	8.04	mac	nav
301	29/03/2006	17.6	0	0	0		0	mi	2.56	8.04	cor	E1
302	07/11/2005	10.25	9.86	13.94	15.45	20	75	mi	3.07	8.04	cor	E1
303	22/03/2006	11.3	0	0	11.3		0	mi	2.77	8.04	cor	E1
304	17/10/2005	13.4	25.205	22.68	23.5	35	105	mi	2.63	8.04	cor	E1
305			0	0	0		0	mi	3.75	8.04	cor	E1
306	17/10/2005	8.48	10.345	24.95	23.62	25	0	mi	4.70	8.04	cor	E1
307	17/10/2005	6.75	23.085	21.88	24.9	45	95	mi	4.28	8.04	cor	E1
308	15/03/2006	7.9	0	0	7.9	45	0	mi	3.20	8.04	cor	E1
309	15/03/2006	5	0	0	5		0	mi	4.59	8.04	cor	E1
310			0	0	0		0	mi	2.90	8.04	cor	E1
311			0	0	0		0	mi	3.46	8.04	cor	E1
312			0	0	0		0	mi	3.06	8.04	cor	E1
313			0	0	0		0	mi	2.11	8.04	cor	E1
314	15/03/2006	8.24	0	0	8.24	15	0	mi	3.75	8.04	cor	E1
315			0	0	0		0	mi	3.74	8.04	cor	E1
316	17/10/2005	9.61	14.46	9.76	19.96	30	0	mi	2.69	8.04	cor	E1
317	29/03/2006	18.9	0	0	0	35	105	mi	3.77	8.04	cor	E1
318	17/10/2005	6.38	20.675	24.5	21.55	20	0	mi	2.28	8.04	cor	E1
319	29/03/2006	14.5	0	0	0	15	0	mi	2.82	8.04	cor	E1
320	17/10/2005	3.65	14.685	21.3	14.05		0	mi	1.37	8.04	cor	E1
321	17/10/2005	7.55	19.19	28.93	21.38	15	0	mi	3.03	8.50	cor	E1
322			0	0	0		0	mi	5.48	8.50	cor	E1
323	17/10/2005	11.21	33.585	39.995	45.12	55	0	mi	4.21	8.50	cor	E1
324	05/04/2006	15.66	0	0	0	25	90	mi	4.74	8.50	cor	E1
325			0	0	0		0	mi	4.86	8.50	cor	E1
326	24/10/2005	7.64	16.03	19.66	24.37		0	mi	2.30	8.50	cor	E1
327	22/03/2006	5	0	0	5	20	60	mi	2.33	8.50	cor	E1
328	29/03/2006	15.1	0	0	0	25	0	mi	2.06	8.50	cor	E1
329	17/10/2005	8.67	22.755	18.36	29.02	30	0	mi	2.12	8.50	cor	E1
330	29/03/2006	20.8	0	0	0		0	mi	3.45	8.50	cor	E1
331	17/10/2005	9.87	20.515	17.37	15.79	45	100	mi	3.41	8.50	cor	E1
332			0	0	0		0	mi	2.05	8.50	cor	E1
333	17/10/2005	5.34	19.265	15.24	19.88		0	mi	1.09	8.50	cor	E1
334	24/10/2005	19.1	26.645	18.65	29.13	25	0	mi	2.14	8.50	cor	E1
335	24/10/2005	16.37	21.01	29.34	36.42	35	120	mi	1.83	8.50	cor	E1
336	17/10/2005	4.26	5.45	0	0	15	85	mi	3.93	8.50	cor	E1
337	28/10/2005	3.54	0	0	0	20	0	mi	2.19	8.50	cor	E1
338	22/03/2006	5	0	0	5	10	0	mi	2.76	8.50	cor	E1
339	15/03/2006	8.16	0	0	8.16	35	85	mi	3.70	8.50	cor	E1
340	15/03/2006	4.52	0	0	4.52	30	0	mi	3.21	8.50	cor	E1
341	17/10/2005	9.14	22.14	14.85	22.24	30	0	mi	5.19	8.50	cor	E1
342	29/03/2006	15.4	0	0	0	15	40	mi	3.08	8.50	cor	E1
343	24/10/2005	6.6	8.105	14.37	14.6		0	mi	3.12	8.50	cor	E1
344	17/10/2005	6.15	11.64	11.94	15.74	25	85	mi	3.54	8.50	cor	E1
345	29/03/2006	10.1	0	0	0		0	mi	1.36	8.50	cor	E1
346	15/03/2006	7.03	0	0	7.03	65	120	mi	5.13	8.50	cor	E1
347	22/03/2006	20.4	0	0	20.4	15	0	mi	2.43	8.50	cor	E1
348	17/10/2005	6.62	19.215	18.185	22.93	35	80	mi	3.90	8.50	cor	E1
349	17/10/2005	7.23	16.6	19.68	13.79	25	70	mi	4.44	8.50	cor	E1
350	17/10/2005	5.35	23.595	31.37	25.81	25	0	mi	4.34	8.50	cor	E1
351	17/10/2005	9.44	24.285	29.83	45.15	30	0	mi	2.69	8.50	cor	E2
352	22/03/2006	18.5	0	0	18.5	20	0	mi	3.32	8.50	cor	E2
353	29/03/2006	13.11	0	0	0	15	0	mi	3.72	8.50	cor	E2
354	15/03/2006	6.43	0	0	6.43	30	80	mi	5.60	8.50	cor	E2
355	17/10/2005	3.82	12.515	14.5	22.76	35	0	mi	4.00	8.50	cor	E2
356			0	0	0		0	mi	5.53	8.50	cor	E2
357	17/10/2005	12.83	31.075	41.41	32.55	65	125	mi	4.64	8.50	cor	E2
358	15/03/2006	6.7	0	0	6.7	25	75	mi	3.66	8.50	cor	E2
359	17/10/2005	9.94	25.14	21.99	41.33	35	85	mi	2.62	8.50	cor	E2
360			0	0	0		0	mi	2.14	8.50	cor	E2
361	17/10/2005	9.36	22.455	29.47	38.02		0	mi	4.58	8.50	cor	E2
362	17/10/2005	13.26		8.01	9.43	15	90	mi	3.17	8.50	cor	E2
363	17/10/2005	4.1	31.44	39.8	37.82	25	90	mi	2.62	8.50	cor	E2
364	12/04/2006	17.07	0	0	0		0	mi	4.37	8.50	cor	E2
365	24/10/2005	7.75	11.92	14.85	10.14	25	0	mi	4.20	8.50	cor	E2
366	28/10/2005	2.85	0	0	0		0	mi	2.78	8.50	cor	E2
367			0	0	0		0	mi	1.92	8.50	cor	E2
368			0	0	0		0	mi	2.21	8.50	cor	E2
369	17/10/2005	11.55	15.03	16.74	10.26		0	mi	4.68	8.50	cor	E2
370			0	0	0		0	mi	1.97	8.50	cor	E2
371	17/10/2005	5.01	21.22	29.23	23.05	15	0	mi	4.89	8.50	cor	E2
372	17/10/2005	7.6	18.51	28.21	17.27	25	0	mi	3.17	8.50	cor	E2
373	24/10/2005	16.35	11.52	3.47	8.42		0	mi	3.05	8.50	cor	E2
374	17/10/2005	3.85	7.78	16.8	10.46	25	0	mi	4.23	8.50	cor	E2
375	17/10/2005	13.15	31.595	28.23	51.465	65	0	mi	1.50	8.50	cor	E2
376			0	0	0		0	mi	4.86	8.50	cor	E2
377	24/10/2005	5.47	0	0	0	15	0	mi	2.34	8.50	cor	E2
378			0	0	0		0	mi	3.61	8.50	cor	E2
379	15/03/2006	7.97	0	0	7.97		0	mi	2.81	8.50	cor	E2
380	22/03/2006	20.8	0	0	20.8	25	95	mi	4.77	8.50	cor	E2
381	15/03/2006	5.95	0	0	5.95	30	80	mi	4.92	8.50	cor	E2
382	24/10/2005	2.52	4.31	2.17	7.46		0	mi	5.15	8.50	cor	E2
383			0	0	0		0	mi	4.71	8.50	cor	E2
384			0	0	0		0	mi	3.96	8.50	cor	E2
385	15/03/2006	7.45	0	0	7.45		70	mi	5.80	8.50	cor	E2
386	13/02/2006	11.81	0		12.9	25	0	mi	3.26	8.50	cor	E2
387	13/12/2005	3.3	3.3	0	0		0	mi	1.95	8.50	cor	E2
388	17/10/2005	4.87	4.91	0	0		0	mi	4.35	8.50	cor	E2
389	17/10/2005	7.93	13.24	9.34	12.39	25	0	mi	3.04	8.50	cor	E2
390	24/10/2005	6.4	0	0	0	20	55	mi	3.54	8.50	cor	E2
391	17/10/2005	3.77	11.775	16.72	20.72	25	0	mi	3.26	8.50	cor	E2
392	17/10/2005	5.46	16.24	14.46	13.49	25	0	mi	3.68	8.50	cor	E2
393			0	0	0		0	mi	3.81	8.50	cor	E2
394	17/10/2005	7.81	12.05	14.32	9.61	15	50	mi	2.18	8.50	cor	E2
395	17/10/2005	8.87	16.64	10.41	12.44	25	0	mi	4.49	8.50	cor	E2
396			0	0	0		0	mi	2.26	8.50	cor	E2
397	17/10/2005	14.06	29.35	24.715	38.37	45	0	mi	2.78	8.50	cor	E2
398			0	0	0		0	mi	3.67	8.50	cor	E2
399	12/04/2006	11.48	0	0	0		0	mi	1.87	8.50	cor	E2
400			0	0	0		0	mi	3.32	8.50	cor	E2
401			0	0	0		0	dense	4.69	9.91	mac	rog
402			0	0	0		0	dense	1.25	9.91	mac	rog
403	17/10/2005	2.91	0	0	0		0	dense	2.33	9.91	mac	rog
404			0	0	0		0	dense	5.44	9.91	mac	rog
405			0	0	0		0	dense	1.42	9.91	mac	rog
406			0	0	0		0	dense	3.09	9.91	mac	rog
407	17/10/2005	9.14	17.105	20.82	29.38	60	100	dense	3.77	9.91	mac	rog
408			0	0	0		0	dense	4.74	9.91	mac	rog
409			0	0	0		0	dense	3.84	9.91	mac	rog
410			0	0	0		0	dense	4.06	9.91	mac	rog
411			0	0	0		0	dense	1.65	9.91	mac	rog
412			0	0	0		0	dense	2.13	9.91	mac	rog
413	17/10/2005	4.83	24.745	27.73	23.615		0	dense	2.31	9.91	mac	rog
414			0	0	0		0	dense	4.13	9.91	mac	rog
415			0	0	0		0	dense	3.44	9.91	mac	rog
416			0	0	0		0	dense	2.36	9.91	mac	rog
417			0	0	0		0	dense	3.19	9.91	mac	rog
418			0	0	0		0	dense	1.37	9.91	mac	rog
419			0	0	0		0	dense	2.79	9.91	mac	rog
420	17/10/2005	8.42	9.18	11.44	9.66		0	dense	4.68	9.91	mac	rog
421			0	0	0		0	dense	2.24	9.91	mac	rog
422			0	0	0		0	dense	3.01	9.91	mac	rog
423			0	0	0		0	dense	1.84	9.91	mac	rog
424			0	0	0		0	dense	1.52	9.91	mac	rog
425			0	0	0		0	dense	4.66	9.91	mac	rog
426			0	0	0		0	dense	1.81	9.91	mac	rog
427	17/10/2005	6.93	15.52	18.29	23.13	50	0	dense	2.08	9.91	mac	rog
428			0	0	0		0	dense	0.60	9.91	mac	rog
429			0	0	0		0	dense	1.72	9.91	mac	rog
430	17/10/2005	5.43	11.07	15.06	25.98	25	80	dense	1.52	9.91	mac	rog
431			0	0	0		0	dense	1.31	9.91	mac	rog
432	17/10/2005	7.4	12.16	2.27	0		0	dense	3.68	9.91	mac	rog
433			0	0	0		0	dense	3.27	9.91	mac	rog
434			0	0	0		0	dense	3.75	9.91	mac	rog
435	17/10/2005	5.37	20.755	22.72	16.26	40	85	dense	2.96	9.91	mac	rog
436			0	0	0		0	dense	1.87	9.91	mac	rog
437			0	0	0		0	dense	4.32	9.91	mac	rog
438	31/10/2005	10.46	0	0	0		0	dense	0.70	9.91	mac	rog
439	21/10/2005	7.43	10.12	6.11	9.85		0	dense	0.93	9.91	mac	rog
440			0	0	0		0	dense	2.86	9.91	mac	rog
441			0	0	0		0	dense	6.80	10.16	mac	rog
442	28/10/2005	13.69	17.26	7.6	13.66		0	dense	6.54	10.16	mac	rog
443			0	0	0		0	dense	2.73	10.16	mac	rog
444			0	0	0		0	dense	1.76	10.16	mac	rog
445			0	0	0		0	dense	2.72	10.16	mac	rog
446			0	0	0		0	dense	0.98	10.16	mac	rog
447			0	0	0		0	dense	1.83	10.16	mac	rog
448			0	0	0		0	dense	1.71	10.16	mac	rog
449			0	0	0		0	dense	4.01	10.16	mac	rog
450			0	0	0		0	dense	2.19	10.16	mac	rog
451			0	0	0		0	dense	4.91	10.16	mac	nav
452	05/04/2006	10.3	0	0	0	25	100	dense	3.98	10.16	mac	nav
453			0	0	0		0	dense	3.78	10.16	mac	nav
454			0	0	0		0	dense	1.02	10.16	mac	nav
455			0	0	0		0	dense	1.78	10.16	mac	nav
456	17/10/2005	5.43	8.72	4.22	6.99	30	100	dense	0.86	10.16	mac	nav
457			0	0	0		0	dense	0.79	10.16	mac	nav
458			0	0	0		0	dense	2.74	10.16	mac	nav
459	17/10/2005	7.48	11.44	9.39	12.27	20	0	dense	5.45	10.16	mac	nav
460			0	0	0		0	dense	3.02	10.16	mac	nav
461	31/10/2005	7.56	11.31	8.1	12.69	20	0	dense	3.63	10.16	mac	nav
462			0	0	0		0	dense	2.72	10.16	mac	nav
463			0	0	0		0	dense	1.74	10.16	mac	nav
464	15/03/2006	12.17	0	0	12.17		0	dense	1.86	10.16	mac	nav
465	17/10/2005	6.76	0	0	8.89	30	100	dense	3.30	10.16	mac	nav
466	22/03/2006	14.6	0	0	14.6	25	80	dense	4.68	10.16	mac	nav
467	17/10/2005	3.9	0	0	0		0	dense	3.47	10.16	mac	nav
468			0	0	0		0	dense	1.33	10.16	mac	nav
469	15/03/2006	7.07	0	0	7.07	25	105	dense	5.28	10.16	mac	nav
470			0	0	0		0	dense	0.90	10.16	mac	nav
471			0	0	0		0	dense	2.84	10.16	mac	nav
472			0	0	0		0	dense	4.41	10.16	mac	nav
473			0	0	0		0	dense	5.71	10.16	mac	nav
474	15/03/2006	10.37	0	0	10.37	30	75	dense	2.91	10.16	mac	nav
475			0	0	0		0	dense	2.44	10.16	mac	nav
476			0	0	0		0	dense	2.06	10.16	mac	nav
477			0	0	0		0	dense	3.84	10.16	mac	nav
478			0	0	0		0	dense	1.34	10.16	mac	nav
479			0	0	0		0	dense	3.01	10.16	mac	nav
480			0	0	0		0	dense	1.79	10.16	mac	nav
481			0	0	0		0	dense	2.90	9.49	mac	nav
482	17/10/2005	7.6	10.75	13.38	16.52		0	dense	5.01	9.49	mac	nav
483			0	0	0		0	dense	3.30	9.49	mac	nav
484			0	0	0		0	dense	2.21	9.49	mac	nav
485			0	0	0		0	dense	5.82	9.49	mac	nav
486	22/03/2006	11.4	0	0	11.4	10	0	dense	1.08	9.49	mac	nav
487			0	0	0		0	dense	0.99	9.49	mac	nav
488			0	0	0		0	dense	0.90	9.49	mac	nav
489	07/11/2005	6.35	10.73	12.68	0		0	dense	2.33	9.49	mac	nav
490			0	0	0		0	dense	2.55	9.49	mac	nav
491			0	0	0		0	dense	4.20	9.49	mac	nav
492			0	0	0		0	dense	1.53	9.49	mac	nav
493	17/10/2005	10.36	10.41	0	0	15	0	dense	4.14	9.49	mac	nav
494	17/10/2005	7.1	17.41	5.03	13.3	25	0	dense	5.00	9.49	mac	nav
495	17/10/2005	7.61	0	0	14.3		0	dense	0.88	9.49	mac	nav
496	22/03/2006	15.8	0	0	15.8		0	dense	5.82	9.49	mac	nav
497	17/10/2005	7.65	10.13	9.21	6.51	15	0	dense	0.72	9.49	mac	nav
498	17/10/2005	11.95	19.25	18.7	26.01	25	0	dense	2.03	9.49	mac	nav
499			0	0	0		0	dense	4.30	9.49	mac	nav
500	15/03/2006	5.58	0	0	0	15	0	dense	1.37	9.49	mac	nav
501	29/03/2006	22.9	0	0	0	25	70	dense	1.23	9.49	cor	E1
502	29/03/2006	22.5	0	0	0	30	100	dense	0.68	9.49	cor	E1
503	17/10/2005	6.63	9.76	3.57	1.89		0	dense	4.92	9.49	cor	E1
504	17/10/2005	7.7	9.9	8.21	9.87	15	50	dense	2.62	9.49	cor	E1
505	29/03/2006	20	0	0	0		0	dense	2.18	9.49	cor	E1
506			0	0	0		0	dense	0.66	9.49	cor	E1
507	22/03/2006	10.9	0	0	10.9		0	dense	0.65	9.49	cor	E1
508			0	0	0		0	dense	0.85	9.49	cor	E1
509	17/10/2005	9.49	0	12.98	15.46	30	0	dense	2.50	9.49	cor	E1
510			0	0	0		0	dense	2.42	9.49	cor	E1
511	22/03/2006	17.6	0	0	17.6	15	0	dense	0.72	9.49	cor	E1
512	15/03/2006	9.48	0	0	9.48	55	135	dense	1.18	9.49	cor	E1
513	17/10/2005	8.53	20.43	17.96	25.8	35	70	dense	0.35	9.49	cor	E1
514			0	0	0		0	dense	0.56	9.49	cor	E1
515	15/03/2006	9.76	0	0	9.76	25	0	dense	3.24	9.49	cor	E1
516	17/10/2005	9.07	5.24	4.06	3.66		0	dense	0.57	9.49	cor	E1
517	24/10/2005	7.89	9.81	0	10.7		0	dense	0.67	9.49	cor	E1
518	22/03/2006	20.6	0	0	20.6		0	dense	1.46	9.49	cor	E1
519			0	0	0		0	dense	0.85	9.49	cor	E1
520	29/03/2006	12	0	0	0	15	0	dense	4.50	9.49	cor	E1
521	15/03/2006	5.05	0	0	5.05	10	0	dense	3.07	10.46	cor	E1
522	17/10/2005	7.22	13.345	10.215	18.07	25	0	dense	1.02	10.46	cor	E1
523	17/10/2005	3.43	4.58	8.74	7.68		0	dense	1.27	10.46	cor	E1
524	05/04/2006	12.92	0	0	0	25	0	dense	0.91	10.46	cor	E1
525	15/03/2006	5	0	0	5	15	0	dense	1.17	10.46	cor	E1
526	05/04/2006	21.52	0	0	0	35	100	dense	0.88	10.46	cor	E1
527	17/10/2005	9.39	29.75	15.6	28.6	25	0	dense	1.08	10.46	cor	E1
528	15/03/2006	5	0	0	5	15	0	dense	1.92	10.46	cor	E1
529	29/03/2006	14.4	0	0	0	30	0	dense	3.01	10.46	cor	E1
530	07/11/2005	5.89	0	0	0		0	dense	1.69	10.46	cor	E1
531	15/03/2006	5	0	0	5	20	85	dense	2.48	10.46	cor	E1
532	05/04/2006	11.49	0	0	0		0	dense	4.08	10.46	cor	E1
533	17/10/2005	5.33	10.085	0	0		0	dense	2.82	10.46	cor	E1
534	17/10/2005	3.43	0	0	9.27	60	105	dense	3.21	10.46	cor	E1
535	29/03/2006	14.3	0	0	0		0	dense	2.67	10.46	cor	E1
536	17/10/2005	2.96	23.96	25.62	26.84	30	100	dense	2.38	10.46	cor	E1
537	05/04/2006	10.05	0	0	0		0	dense	0.61	10.46	cor	E1
538			0	0	0		0	dense	1.34	10.46	cor	E1
539			0	0	0		0	dense	0.41	10.46	cor	E1
540	31/10/2005	12.83	10.975	9.41	12.92		0	dense	1.93	10.46	cor	E1
541	15/03/2006	5.69	0	0	5.69	25	0	dense	0.42	10.46	cor	E1
542	17/10/2005	9.4	21.49	24.76	25.11	55	100	dense	6.65	10.46	cor	E1
543	29/03/2006	23	0	0	0	25	85	dense	2.51	10.46	cor	E1
544	17/10/2005	10.89	23.46	23.47	24.46	20	0	dense	1.46	10.46	cor	E1
545			0	0	0		0	dense	4.59	10.46	cor	E1
546	17/10/2005	6.51	18.16	0	0	45	95	dense	0.60	10.46	cor	E1
547	17/10/2005	12.18	18.12	21.77	21.82	25	0	dense	1.87	10.46	cor	E1
548			0	0	0		0	dense	4.95	10.46	cor	E1
549	17/10/2005	5.17	17.115	15.32	15.93	25	0	dense	2.65	10.46	cor	E1
550	15/03/2006	9.03	0	0	9.03		0	dense	4.07	10.46	cor	E1
551	17/10/2005	10.33	30.72	43.815	44.505	65	90	dense	2.92	10.46	cor	E2
552	15/03/2006	5	0	0	5	15	40	dense	5.21	10.46	cor	E2
553			0	0	0		0	dense	2.24	10.46	cor	E2
554			0	0	0		0	dense	0.64	10.46	cor	E2
555	17/10/2005	4.94	0	0	13.6		0	dense	1.95	10.46	cor	E2
556	17/10/2005	9.59	19.18	15.68	23.14	25	0	dense	4.13	10.46	cor	E2
557	17/10/2005	10.93	18.57	18.86	16.03	15	0	dense	1.12	10.46	cor	E2
558			0	0	0		0	dense	0.73	10.46	cor	E2
559	12/04/2006	19.11	0	0	0		0	dense	2.35	10.46	cor	E2
560			0	0	0		0	dense	2.96	10.46	cor	E2
561			0	0	0		0	dense	0.60	10.89	cor	E2
562	29/03/2006	9.1	0	0	0		0	dense	0.75	10.89	cor	E2
563			0	0	0		0	dense	0.82	10.89	cor	E2
564	17/10/2005	7.31	10.63	12.41	6.19		0	dense	2.00	10.89	cor	E2
565			0	0	0		0	dense	1.43	10.89	cor	E2
566			0	0	0		0	dense	2.03	10.89	cor	E2
567	29/03/2006	15.7	0	0	0		0	dense	1.45	10.89	cor	E2
568			0	0	0		0	dense	0.40	10.89	cor	E2
569			0	0	0		0	dense	0.47	10.89	cor	E2
570			0	0	0		0	dense	0.97	10.89	cor	E2
571	15/03/2006	11.8	0	0	11.8		0	dense	3.09	10.89	cor	E2
572			0	0	0		0	dense	0.66	10.89	cor	E2
573			0	0	0		0	dense	0.64	10.89	cor	E2
574			0	0	0		0	dense	3.27	10.89	cor	E2
575			0	0	0		0	dense	0.44	10.89	cor	E2
576			0	0	0		0	dense	3.27	10.89	cor	E2
577	17/10/2005	5.69	12.89	17	10.11		0	dense	1.36	10.89	cor	E2
578			0	0	0		0	dense	6.56	10.89	cor	E2
579			0	0	0		0	dense	2.78	10.89	cor	E2
580	17/10/2005	6.56	18.295	12.585	15.48	25	0	dense	2.65	10.89	cor	E2
581	17/10/2005	4.17	0	0	5	25	100	dense	1.30	10.89	cor	E2
582	17/10/2005	5.82	0	0	0		0	dense	3.31	10.89	cor	E2
583	24/10/2005	6.92	0	0	0		0	dense	2.73	10.89	cor	E2
584	17/10/2005	8.17	22.685	17.13	21.72		0	dense	1.57	10.89	cor	E2
585	24/10/2005	16.44	19.845	21.44	21.3	25	0	dense	1.28	10.89	cor	E2
586	31/10/2005	8.44	0	0	10.1		0	dense	3.74	10.89	cor	E2
587			0	0	0		0	dense	2.41	10.89	cor	E2
588	17/10/2005	10.34	0	0	0		0	dense	1.30	10.89	cor	E2
589	07/11/2005	8.53	15.69	5.92	14.07	15	0	dense	2.11	10.89	cor	E2
590	15/03/2006	5	0	0	5		0	dense	4.72	10.89	cor	E2
591	15/03/2006	5	0	0	5		0	dense	2.91	10.89	cor	E2
592	17/10/2005	7.01	0	0	10.5	15	0	dense	4.12	10.89	cor	E2
593			0	0	0		0	dense	1.96	10.89	cor	E2
594	24/10/2005	15.77	11.47	10.28	13.33	30	45	dense	3.05	10.89	cor	E2
595			0	0	0		0	dense	0.56	10.89	cor	E2
596	17/10/2005	4.97	8.835	0	0		0	dense	1.69	10.89	cor	E2
597			0	0	0		0	dense	2.17	10.89	cor	E2
598			0	0	0	35	95	dense	6.48	10.89	cor	E2
599	05/04/2006	19.07	0	0	0		0	dense	4.73	10.89	cor	E2
600			0	0	0		0	dense	2.84	10.89	cor	E2
601	24/10/2005	8.46	8.33	13.33	36.01	50	70	temoin	100	100	mac	rog
602	17/10/2005	2.7	29.32	41.25	52.385	55	85	temoin	100	100	mac	rog
603	17/10/2005	10.82	0	0	0	20	70	temoin	100	100	mac	rog
604			0	0	0		0	temoin	100	100	mac	rog
605			0	0	0		0	temoin	100	100	mac	rog
606	17/10/2005	9.65	67.41	71.845	67.19	50	0	temoin	100	100	mac	rog
607	24/10/2005	12.49	42.46	54.415	61.96	35	75	temoin	100	100	mac	rog
608	17/10/2005	11.07	87.68	88.99	88.93	65	75	temoin	100	100	mac	rog
609	17/10/2005	9.4	72.69	58.585	57.155	60	65	temoin	100	100	mac	rog
610	17/10/2005	12.7	32.625	49.035	61.44	75	85	temoin	100	100	mac	rog
611	17/10/2005	12.12	92.06	95.62	97.32	65	100	temoin	100	100	mac	rog
612	17/10/2005	10.44	70.795	74.24	80.87	65	0	temoin	100	100	mac	rog
613	17/10/2005	9.47	78.175	80.075	75.625	65	80	temoin	100	100	mac	rog
614	17/10/2005	5.96	80.905	78.075	84.34	65	65	temoin	100	100	mac	rog
615	17/10/2005	10.85	63.82	66.62	70.74	60	80	temoin	100	100	mac	rog
616			0	0	0		0	temoin	100	100	mac	rog
617	17/10/2005	8.46	46.41	49.115	58.865	55	50	temoin	100	100	mac	rog
618	17/10/2005	12.77	76.68	76.055	78.02	55	60	temoin	100	100	mac	rog
619	17/10/2005	5.15	55.495	60.57	58.605	60	70	temoin	100	100	mac	rog
620			0	0	0		0	temoin	100	100	mac	rog
621	19/04/2006	12.99	0	0	0	15	70	temoin	100	100	mac	rog
622	17/10/2005	8.13	65.225	46.61	69.825	55	75	temoin	100	100	mac	rog
623	17/10/2005	9.53	2.49	0	0		0	temoin	100	100	mac	rog
624			0	0	0		0	temoin	100	100	mac	rog
625	17/10/2005	9.02	54.345	64.925	77.66	65	90	temoin	100	100	mac	rog
626	31/10/2005	11.6	0	4.24	0		0	temoin	100	100	mac	rog
627	17/10/2005	11.24	83.56	98.18	97.595	55	0	temoin	100	100	mac	rog
628			0	0	0		0	temoin	100	100	mac	rog
629			0	0	0		0	temoin	100	100	mac	rog
630	17/10/2005	6.44	67.99	78.56	84.025	85	115	temoin	100	100	mac	rog
631			0	0	0		0	temoin	100	100	mac	rog
632	17/10/2005	10.43	64.455	72.525	67.335	75	95	temoin	100	100	mac	rog
633			0	0	0		0	temoin	100	100	mac	rog
634	17/10/2005	10.48	54.285	61.135	52.06	50	70	temoin	100	100	mac	rog
635			0	0	0		0	temoin	100	100	mac	rog
636	17/10/2005	9.13	0	0	0		0	temoin	100	100	mac	rog
637	17/10/2005	8.3	65.36	67.43	69.06	65	50	temoin	100	100	mac	rog
638	17/10/2005	13.76	54.455	60.655	63.305	55	65	temoin	100	100	mac	rog
639	14/11/2005	6.74	14.96	22.525	30.69	45	75	temoin	100	100	mac	rog
640	17/10/2005	4.74	0	0	0		0	temoin	100	100	mac	rog
641	17/10/2005	10.73	83.195	83.455	80.315	60	80	temoin	100	100	mac	rog
642	17/10/2005	6.73	63.865	73.825	76.59	70	75	temoin	100	100	mac	rog
643	17/10/2005	8.56	54.8	76.52	83.925	50	60	temoin	100	100	mac	rog
644	17/10/2005	9.61	68.19	53.515	74.975	65	70	temoin	100	100	mac	rog
645	17/10/2005	8.05	66.62	76	79.47	85	85	temoin	100	100	mac	rog
646	17/10/2005	10.68	79.675	52.705	81.68	75	100	temoin	100	100	mac	rog
647	05/04/2006	14.54	0	0	0	25	80	temoin	100	100	mac	rog
648	17/10/2005	9.66	58.435	69.195	52.215	45	80	temoin	100	100	mac	rog
649	17/10/2005	10.73	87.3	103.825	108.4	80	75	temoin	100	100	mac	rog
650	17/10/2005	14.44	28.93	29.46	41.62	50	75	temoin	100	100	mac	rog
651	17/10/2005	13.07	0	0	0		0	temoin	100	100	mac	nav
652	17/10/2005	11.12	68.445	70.71	67.135	60	0	temoin	100	100	mac	nav
653			0	0	0		0	temoin	100	100	mac	nav
654	24/10/2005	8.89	0	0	0		0	temoin	100	100	mac	nav
655			0	0	0		0	temoin	100	100	mac	nav
656			0	0	0		0	temoin	100	100	mac	nav
657	17/10/2005	8.51	64.39	61.505	78.995	90	100	temoin	100	100	mac	nav
658	15/03/2006	5.05	0	0	5.5		0	temoin	100	100	mac	nav
659	17/10/2005	12.26	23.96	38.355	38.075	55	0	temoin	100	100	mac	nav
660	24/10/2005	6.34	0	0	0		0	temoin	100	100	mac	nav
661	24/10/2005	3.94	0	0	0		0	temoin	100	100	mac	nav
662	17/10/2005	11.25	78.69	58.265	67.69	60	90	temoin	100	100	mac	nav
663	29/03/2006	9.5	0	0	0	20	100	temoin	100	100	mac	nav
664			0	0	0		0	temoin	100	100	mac	nav
665	17/10/2005	9.91	78.32	86.645	83.415	55	75	temoin	100	100	mac	nav
666	15/03/2006	5.64	0	0	5.64	20	75	temoin	100	100	mac	nav
667			0	0	0		0	temoin	100	100	mac	nav
668	17/10/2005	10.21	56.96	65.86	56.36	60	65	temoin	100	100	mac	nav
669	17/10/2005	9.6	61.13	59.92	64.87	55	0	temoin	100	100	mac	nav
670	17/10/2005	12.48	63.815	67.1	66.755	65	0	temoin	100	100	mac	nav
671			0	0	0		0	temoin	100	100	mac	nav
672	17/10/2005	8.84	70.725	57.62	73.03	75	85	temoin	100	100	mac	nav
673	17/10/2005	12.14	0	0	0		0	temoin	100	100	mac	nav
674			0	0	0		0	temoin	100	100	mac	nav
675	17/10/2005	12.48	17.98	33.045	36.165	45	100	temoin	100	100	mac	nav
676	15/03/2006	7.44	0	0	7.44	25	100	temoin	100	100	mac	nav
677	29/03/2006	11.2	0	0	0		0	temoin	100	100	mac	nav
678	29/03/2006	16.5	0	0	0	30	0	temoin	100	100	mac	nav
679	15/03/2006	6.49	0	0	6.49	35	100	temoin	100	100	mac	nav
680	17/10/2005	7.72	76.285	86.155	73.955	80	85	temoin	100	100	mac	nav
681			0	0	0		0	temoin	100	100	mac	nav
682	17/10/2005	11.74	0	0	11.5	30	130	temoin	100	100	mac	nav
683	17/10/2005	8.4	69.515	54.45	50.735	65	0	temoin	100	100	mac	nav
684			0	0	0		0	temoin	100	100	mac	nav
685	17/10/2005	10.58	66.12	91.59	86.25	80	100	temoin	100	100	mac	nav
686	17/10/2005	11.82	88.115	80.19	83.855	70	0	temoin	100	100	mac	nav
687			0	0	0		0	temoin	100	100	mac	nav
688	17/10/2005	12.19	47.32	46.805	66.43	75	95	temoin	100	100	mac	nav
689	15/03/2006	5	0	0	5	15	75	temoin	100	100	mac	nav
690	17/10/2005	11.64	76.04	72.415	70.73	65	0	temoin	100	100	mac	nav
691	17/10/2005	8.95	0	0	0		0	temoin	100	100	mac	nav
692			0	0	0		60	temoin	100	100	mac	nav
693			0	0	0		0	temoin	100	100	mac	nav
694	17/10/2005	10.32	89.755	94.19	78.245	75	0	temoin	100	100	mac	nav
695			0	0	0		0	temoin	100	100	mac	nav
696			0	0	0		0	temoin	100	100	mac	nav
697			0	0	0		0	temoin	100	100	mac	nav
698			0	0	0		0	temoin	100	100	mac	nav
699			0	0	0		0	temoin	100	100	mac	nav
700	17/10/2005	12.76	43.35	51.89	56.6	70	100	temoin	100	100	mac	nav
701	17/10/2005	10.7	70.61	53.04	62.485	65	110	temoin	100	100	cor	E1
702	17/10/2005	8.48	66.42	59.155	68.205	55	0	temoin	100	100	cor	E1
703	17/10/2005	11.55	53.105	74.455	73.49	85	100	temoin	100	100	cor	E1
704	17/10/2005	9.7	46.1	59.525	62.24	60	75	temoin	100	100	cor	E1
705	17/10/2005	13.34	82.45	73.43	77.255	80	90	temoin	100	100	cor	E1
706			0	0	0		0	temoin	100	100	cor	E1
707	17/10/2005	10	0	0	0		0	temoin	100	100	cor	E1
708			0	0	0		0	temoin	100	100	cor	E1
709	17/10/2005	7.71	68.44	70.245	79.185	95	90	temoin	100	100	cor	E1
710	15/03/2006	7.98	0	0	7.98	35	75	temoin	100	100	cor	E1
711	17/10/2005	11.05	55.03	69.515	61.555	65	90	temoin	100	100	cor	E1
712	17/10/2005	11.93	0	0	0	30	85	temoin	100	100	cor	E1
713	17/10/2005	12.52	57.43	50.515	55.925	50	80	temoin	100	100	cor	E1
714	17/10/2005	7.88	23.93	30.56	51.085	55	100	temoin	100	100	cor	E1
715	17/10/2005	11.28	0	0	0		0	temoin	100	100	cor	E1
716	17/10/2005	6.01	0	0	0		0	temoin	100	100	cor	E1
717	17/10/2005	11.19	61.72	58.84	61.295	65	0	temoin	100	100	cor	E1
718	24/10/2005	6.4	0	0	20.9	30	0	temoin	100	100	cor	E1
719	15/03/2006	8.27	60.92	64.73	60.95	60	0	temoin	100	100	cor	E1
720	15/03/2006	8.12	0	0	8.12	35	95	temoin	100	100	cor	E1
721	17/10/2005	10.66	61.795	67	72.16	65	80	temoin	100	100	cor	E1
722	17/10/2005	9.77	0	0	9	35	105	temoin	100	100	cor	E1
723			0	0	0		0	temoin	100	100	cor	E1
724	24/10/2005	10.31	39.135	53.855	64.045	75	100	temoin	100	100	cor	E1
725	17/10/2005	14.28	51.855	64.65	68.95	75	110	temoin	100	100	cor	E1
726	17/10/2005	4.42	48.215	50.245	67.195	65	100	temoin	100	100	cor	E1
727			0	0	0		0	temoin	100	100	cor	E1
728	17/10/2005	10.07	0	0	0		0	temoin	100	100	cor	E1
729	17/10/2005	16.02	56.55	73.18	82.605	10	100	temoin	100	100	cor	E1
730	17/10/2005	11.98	76.915	70.51	82.97	85	95	temoin	100	100	cor	E1
731	17/10/2005	8.95	0	0	0		0	temoin	100	100	cor	E1
732	17/10/2005	8.41	59.045	56.53	60.94	65	80	temoin	100	100	cor	E1
733	24/10/2005	23.15	79.115	76.48	72.365	60	90	temoin	100	100	cor	E1
734	17/10/2005	11.25	45.135	38.97	61.28	75	100	temoin	100	100	cor	E1
735	17/10/2005	2.29	41.07	48.37	53.335	50	80	temoin	100	100	cor	E1
736	17/10/2005	3.05	0	0	0		0	temoin	100	100	cor	E1
737	15/03/2006	11.67	0	0	11.67	35	100	temoin	100	100	cor	E1
738	17/10/2005	9.19	69.295	71	71.56	70	75	temoin	100	100	cor	E1
739	17/10/2005	7.8	62.345	71.79	65.01	65	80	temoin	100	100	cor	E1
740	17/10/2005	12.72	39.26	56.76	68.67	60	0	temoin	100	100	cor	E1
741	17/10/2005	14.69	22.29	28.38	53.38	85	110	temoin	100	100	cor	E1
742	17/10/2005	1.41	72.875	65.01	74.865	85	110	temoin	100	100	cor	E1
743	17/10/2005	14.64	75.53	70.98	82.68	70	75	temoin	100	100	cor	E1
744	17/10/2005	13.34	63.615	67.43	75.96	65	95	temoin	100	100	cor	E1
745	17/10/2005	7.58	46.21	51.165	54.32	65	90	temoin	100	100	cor	E1
746			0	0	0		0	temoin	100	100	cor	E1
747	15/03/2006	5	0	0	5	40	110	temoin	100	100	cor	E1
748	29/03/2006	15.7	0	0	0	15	85	temoin	100	100	cor	E1
749			0	0	0		0	temoin	100	100	cor	E1
750			0	0	0		0	temoin	100	100	cor	E1
751	17/10/2005	11.81	55.735	62.71	62.715	90	110	temoin	100	100	cor	E2
752	17/10/2005	12.34	51.07	63.1	69.29	85	115	temoin	100	100	cor	E2
753			0	0	0		0	temoin	100	100	cor	E2
754			0	0	0		0	temoin	100	100	cor	E2
755			0	0	0		0	temoin	100	100	cor	E2
756	24/10/2005	17.95	68.12	63.475	65.435	55	105	temoin	100	100	cor	E2
757	17/10/2005	7.6	0	0	0		0	temoin	100	100	cor	E2
758	17/10/2005	12.58	82.49	77.29	81.515	85	120	temoin	100	100	cor	E2
759	17/10/2005	9.51	55.1	81.365	86.55	80	115	temoin	100	100	cor	E2
760	17/10/2005	13.02	75.74	78.15	84.86	60	95	temoin	100	100	cor	E2
761			0	0	0		0	temoin	100	100	cor	E2
762	17/10/2005	7.56	0	0	0		0	temoin	100	100	cor	E2
763	17/10/2005	10.5	46.975	62.81	69.475	60	80	temoin	100	100	cor	E2
764	17/10/2005	13.07	47.725	68	71.475	75	140	temoin	100	100	cor	E2
765	17/10/2005	15.29	75.41	85.18	88.82	65	80	temoin	100	100	cor	E2
766	17/10/2005	14.04	77.36	77.915	81.77	65	90	temoin	100	100	cor	E2
767	17/10/2005	10.76	41.185	55.2	62.515	80	95	temoin	100	100	cor	E2
768	17/10/2005	12.48	90.82	87.06	86.835	70	95	temoin	100	100	cor	E2
769			0	0	0		0	temoin	100	100	cor	E2
770			0	0	0		0	temoin	100	100	cor	E2
771			0	0	0		0	temoin	100	100	cor	E2
772	17/10/2005	3.73	0	0	0		0	temoin	100	100	cor	E2
773	17/10/2005	15.89	79.335	72.09	65.735	65	95	temoin	100	100	cor	E2
774			0	0	0		0	temoin	100	100	cor	E2
775			0	0	0		0	temoin	100	100	cor	E2
776			0	0	0		0	temoin	100	100	cor	E2
777			0	0	0		0	temoin	100	100	cor	E2
778	17/10/2005	13.56	86.375	71.39	79.55	70	95	temoin	100	100	cor	E2
779	17/10/2005	10.97	92.515	73.57	82.815	80	100	temoin	100	100	cor	E2
780	17/10/2005	13.56	80.88	73.395	68.81	75	100	temoin	100	100	cor	E2
781	17/10/2005	8.49	72.39	67.535	80.11	75	0	temoin	100	100	cor	E2
782			0	0	0		0	temoin	100	100	cor	E2
783	17/10/2005	13.92	67.66	61.55	71.71	65	0	temoin	100	100	cor	E2
784	17/10/2005	4.83	53.08	67.645	77.045	75	100	temoin	100	100	cor	E2
785	17/10/2005	7.44	0	0	0		0	temoin	100	100	cor	E2
786	17/10/2005	13.53	54.44	54.84	63.33	85	95	temoin	100	100	cor	E2
787	17/10/2005	5.84	83.515	88.99	92.85	75	95	temoin	100	100	cor	E2
788			0	0	0		0	temoin	100	100	cor	E2
789	17/10/2005	9.78	78.265	85.22	88.51	80	0	temoin	100	100	cor	E2
790	17/10/2005	13.29	61.21	46.2	58.745	65	110	temoin	100	100	cor	E2
791	17/10/2005	12.96	85.335	86.775	85.985	75	100	temoin	100	100	cor	E2
792	17/10/2005	10.5	86.585	63.63	87.865	75	105	temoin	100	100	cor	E2
793	24/10/2005	12.37	40.095	57.985	71.355	80	80	temoin	100	100	cor	E2
794	17/10/2005	10.21	55.455	75.525	75.36	75	90	temoin	100	100	cor	E2
795	17/10/2005	3.65	60.86	63	84.72	75	100	temoin	100	100	cor	E2
796	17/10/2005	11.61	71.15	75.415	78.49	70	0	temoin	100	100	cor	E2
797	17/10/2005	2.01	19.135	33.45	42.555	40	0	temoin	100	100	cor	E2
798			0	0	0		0	temoin	100	100	cor	E2
799	17/10/2005	12.02	72.47	80.78	79.845	50	80	temoin	100	100	cor	E2
800	17/10/2005	7.7	0	0	0		0	temoin	100	100	cor	E2
